,
Atlético de Madrid
CLUB ATLÉTICO DE MADRID S.A.D.
Riyadh Air Metropolitano
"Avenida de Luis Aragonés, 4"
28022 Madrid España
atleticodemadrid.com
info@atleticodemadrid.com
,
ATLÉTICO DE MADRID FÚTBOL
Fútbol — Primer Equipo
,
INFORME DE TALLAS — PLANTILLA Y CUERPO TÉCNICO
,
Campo,Valor
Club / Equipo,CLUB ATLÉTICO DE MADRID S.A.D.
Departamento,Atlético de Madrid Fútbol
Temporada,2025-26
Fecha y hora de generación,27 de julio de 2026 a las 15:35
Responsable,Departamento de Utilería
Sistema,CourtManager Pro — Gestión de Equipación
Clasificación,Uso interno — Auditoría de utilería
,
————————————————————————————————————————————————————————
,
,
————————————————————————————————————————————————————————
RESUMEN EJECUTIVO
————————————————————————————————————————————————————————
,
Indicador,Valor
Total de personas registradas,29
Jugadores,23
Cuerpo técnico,6
Productos en catálogo de equipación,27
Tallas pendientes de registrar,0
,
,
————————————————————————————————————————————————————————
MATRIZ DE TALLAS
————————————————————————————————————————————————————————
,
Player,Position,Shirt Size,Short Size,Training Size,Jacket Size,Shoe Size,Notes
Juan Agustín Musso,Portero,XL,XL,XL,XL,46,—
José María Giménez,Defensa,XL,XL,XL,XL,46,—
Matteo Ruggeri,Defensa,XL,XL,XL,XL,46,—
Rodrigo Mendoza,Centrocampista,XL,XL,XL,XL,46,—
Johnny Cardoso,Centrocampista,XL,XL,XL,XL,46,—
Koke Resurrección,Centrocampista,XL,XL,XL,XL,46,—
Kang In Lee,Delantero,XL,XL,XL,XL,46,—
Pablo Barrios,Centrocampista,XL,XL,XL,XL,46,—
Alexander Sørloth,Delantero,XL,XL,XL,XL,46,—
Álex Baena,Centrocampista,XL,XL,XL,XL,46,—
Thiago Almada,Delantero,XL,XL,XL,XL,46,—
Jan Oblak,Portero,XL,XL,XL,XL,46,—
Marcos Llorente,Centrocampista,XL,XL,XL,XL,46,—
Clément Lenglet,Defensa,XL,XL,XL,XL,46,—
Nahuel Molina,Defensa,XL,XL,XL,XL,46,—
Dávid Hancko,Defensa,XL,XL,XL,XL,46,—
Marc Pubill,Defensa,XL,XL,XL,XL,46,—
Julián Álvarez,Delantero,XL,XL,XL,XL,46,—
Giuliano Simeone,Centrocampista,XL,XL,XL,XL,46,—
Obed Vargas,Centrocampista,XL,XL,XL,XL,46,—
Ademola Lookman,Delantero,XL,XL,XL,XL,46,—
Morten Hjulmand,Centrocampista,XL,XL,XL,XL,46,—
Robin Le Normand,Defensa,XL,XL,XL,XL,46,—
,,,,,,,
— CUERPO TÉCNICO —
Diego Pablo Simeone,Entrenador,XL,XL,XL,L,43,—
Gustavo López,Asistente de entrenador,XL,XL,XL,L,43,—
Hernán Bonvicini,Asistente de entrenador,XL,XL,XL,L,43,—
Nelson Vivas,Segundo entrenador,XL,XL,XL,L,43,—
Luis Piñedo Betrián,Preparador físico,XL,XL,XL,L,43,—
Pablo Vercellone,Preparador de porteros,XL,XL,XL,L,43,—
,
————————————————————————————————————————————————————————
RESUMEN DE TALLAS — ESTADÍSTICAS GLOBALES
————————————————————————————————————————————————————————
,
Métrica,Valor
Personas registradas,29
Campos de talla completados,145
Campos de talla pendientes,0
Cobertura de datos,100%
,
————————————————————————————————————————————————————————
DISTRIBUCIÓN — SHIRT SIZE
————————————————————————————————————————————————————————
,
Size,Count
XL,29
,
————————————————————————————————————————————————————————
DISTRIBUCIÓN — SHORT SIZE
————————————————————————————————————————————————————————
,
Size,Count
XL,29
,
————————————————————————————————————————————————————————
DISTRIBUCIÓN — TRAINING SIZE
————————————————————————————————————————————————————————
,
Size,Count
XL,29
,
————————————————————————————————————————————————————————
DISTRIBUCIÓN — JACKET SIZE
————————————————————————————————————————————————————————
,
Size,Count
XL,23
L,6
,
————————————————————————————————————————————————————————
DISTRIBUCIÓN — SHOE SIZE
————————————————————————————————————————————————————————
,
Size,Count
46,23
43,6
,
Fin del informe,CLUB ATLÉTICO DE MADRID S.A.D.,Atlético de Madrid Fútbol
Documento,Auditoría de tallas — CourtManager Pro